Date,FII_Net,DII_Net
2020-01-01,945.071229516849,2315.501641430759
2020-01-02,-7.396451756776997,349.5372387338999
2020-01-03,1171.5328071510387,1449.4880896568661
2020-01-06,2484.544784612038,839.9091874279592
2020-01-07,-151.23006208500396,988.0145952042799
2020-01-08,-151.20543542377084,1869.9278984887721
2020-01-09,2568.8192232610872,1155.4850294027367
2020-01-10,1351.152093729363,1176.807255334743
2020-01-13,-504.2115789024282,1550.7551361168616
2020-01-14,1013.840065378947,544.5330893199803
2020-01-15,-495.12653921869344,212.5532328626955
2020-01-16,-498.59463035538533,68.63356418527655
2020-01-17,562.9434073490512,-576.4496125632013
2020-01-20,-2669.920366986697,2239.3449909582255
2020-01-21,-2387.376748769549,27.75414399482179
2020-01-22,-643.431293861459,645.1224634899596
2020-01-23,-1319.2466805016356,606.2306900777555
2020-01-24,671.3709988929108,1015.1846884663705
2020-01-27,-1162.0361132818164,1371.0160487775079
2020-01-28,-1918.455552002937,1402.3314418518216
2020-01-29,2398.473153382331,391.84579300174306
2020-01-30,-138.6644507298035,683.0148003495119
2020-01-31,301.29230703188574,997.8059653418097
2020-02-03,-1937.122279320185,625.916211671517
2020-02-04,-616.574086787774,1925.1419032139947
2020-02-05,366.38388456479913,1143.6824661467758
2020-02-06,-1526.4903661334542,1314.4144502348722
2020-02-07,763.5470275185079,1264.016888067189
2020-02-10,-700.9580348782075,1621.4317002397274
2020-02-11,-237.54062468991515,926.7150910925949
2020-02-12,-702.5599183440954,-107.78236356909258
2020-02-13,2978.417276763407,1079.781566226849
2020-02-14,179.7541628930991,344.05017434571965
2020-02-17,-1386.5663934338506,429.96832277517024
2020-02-18,1433.8173681547835,1210.4548131285653
2020-02-19,-1631.2654749565334,1666.7981500035448
2020-02-20,513.2953925071331,814.8901037152432
2020-02-21,-2739.5051858196634,1016.1831088192746
2020-02-24,-1792.2790733476459,1991.5504612446666
2020-02-25,495.2918538036853,968.5272256419978
2020-02-26,1307.6998699931157,2621.1781799262762
2020-02-27,457.05242178495575,1195.8567519420808
2020-02-28,26.52757641763921,-432.53393140907247
2020-03-02,-251.6555433839332,1327.3391347731726
2020-03-03,-2017.7829855511409,1066.8108694179446
2020-03-04,-879.7663125920631,1702.8269278579219
2020-03-05,-490.95815643968126,1271.226945888971
2020-03-06,1785.6833393283737,703.0808112113583
2020-03-09,715.4274343526921,-57.00876540255604
2020-03-10,-2444.560233044101,653.6837198997823
2020-03-11,686.1259540921925,204.63568205348997
2020-03-12,-377.62342062447476,393.63358513669414
2020-03-13,-815.3830004589381,1212.0048830944268
2020-03-16,1117.5144332613017,1968.9331530459845
2020-03-17,1746.4992837439265,1076.2700708760867
2020-03-18,1596.9201786742979,-37.11814342462901
2020-03-19,-1058.8262848339577,1111.2218677540986
2020-03-20,-263.81856377682186,1637.6420406519558
2020-03-23,696.8951471053459,373.15196697643245
2020-03-24,1663.3176906835388,706.1879833289577
2020-03-25,-518.7613567679349,810.281736310438
2020-03-26,-78.48846499572568,250.571180842432
2020-03-27,-1459.5024610090422,1253.7963036907013
2020-03-30,-1594.309936121006,715.3362959745529
2020-03-31,1418.788733591297,1093.6727107349195
2020-04-01,2234.3600428562345,178.75547553852994
2020-04-02,91.98481762949923,493.7791897736127
2020-04-03,1705.2993468380362,1305.66695047944
2020-04-06,742.4540375714512,539.0167935357631
2020-04-07,-767.6796319076864,2008.8746958633835
2020-04-08,742.0934082626209,520.2546700697783
2020-04-09,2507.0548496989536,957.2793080263201
2020-04-10,146.2609413350727,1452.813582311163
2020-04-13,2546.965483721009,-192.85601305312218
2020-04-14,-3729.6176561346165,-432.56616838654304
2020-04-15,1432.8537565628358,-267.95942019906624
2020-04-16,330.5706023572568,1683.8088723990275
2020-04-17,-248.51102569880118,413.6992978752873
2020-04-20,337.64116480325345,2590.7394999677763
2020-04-21,-2781.3533719013394,405.026680939828
2020-04-22,-129.50783175626788,929.1859122379259
2020-04-23,735.6688572676196,1879.476966797513
2020-04-24,2416.8410671122742,2204.265021711386
2020-04-27,-577.405327410471,2243.0525036454783
2020-04-28,-1012.7404043397814,1645.8563614151997
2020-04-29,-552.6355653768048,1516.8437680680236
2020-04-30,1573.103176553111,1214.768864440828
2020-05-01,693.1266644895267,1344.8527533166464
2020-05-04,-594.6403056505582,414.1699985700266
2020-05-05,969.9011496700341,227.260781604385
2020-05-06,345.61632402206055,797.6378798123336
2020-05-07,1652.9674857993339,680.8707642325501
2020-05-08,-853.0796408160286,482.74036547090736
2020-05-11,-291.4932198966523,1287.4712132197008
2020-05-12,-388.1622296982365,1468.7136459993576
2020-05-13,-1995.272422198178,861.8848204042931
2020-05-14,644.1804155968641,1834.2710567386832
2020-05-15,591.582908269834,0.8176201065464284
2020-05-18,207.67018496369133,664.4383785041973
2020-05-19,-151.8807000627204,298.22437557803653
2020-05-20,-1923.0561130756214,-506.575631951142
2020-05-21,-430.96798414803857,742.1235199101105
2020-05-22,-314.0717747901542,714.7767441317015
2020-05-25,-1003.4159038324283,1859.4148202694917
2020-05-26,-41.928567499013695,1241.5681791883444
2020-05-27,806.0762852218076,83.06922296955656
2020-05-28,3029.2788518157954,2097.8647964339316
2020-05-29,461.86671924775845,1654.7235868677471
2020-06-01,586.3255860841466,1207.4683924280312
2020-06-02,88.33112635074917,641.4611308051176
2020-06-03,-2678.1568229485624,128.39253429356415
2020-06-04,160.22918682617467,539.4552567502628
2020-06-05,290.3453149115397,1562.1240337929303
2020-06-08,3894.8631687279294,2119.2104141542263
2020-06-09,-88.54144717168379,1880.2704697905324
2020-06-10,652.3210135004188,457.8054047496081
2020-06-11,147.93234544213504,16.26779669769212
2020-06-12,-1553.017056429298,898.6203728378428
2020-06-15,1914.2342217725309,-437.90755589399623
2020-06-16,1327.899549030161,1026.217399929347
2020-06-17,1386.5479205645704,696.6781895909319
2020-06-18,-1164.0811821921084,473.7744486922304
2020-06-19,2304.1914664041487,-316.2921470867568
2020-06-22,-1902.7765941884213,1159.5200745988016
2020-06-23,1080.2856407004056,427.109412236662
2020-06-24,3485.683438714968,-18.94178499720158
2020-06-25,-1285.8044876960325,-1210.5835492971546
2020-06-26,-649.4465944041578,780.7395664645546
2020-06-29,349.4770476314618,2040.5761176688209
2020-06-30,-555.2134811742989,1962.881450183509
2020-07-01,-2125.995146599199,480.0326203896097
2020-07-02,302.844462209041,378.4515577467536
2020-07-03,-1393.4555705891573,1128.1419792525166
2020-07-06,910.3886459527723,101.13019256819598
2020-07-07,-1179.1363513507047,1011.2543298736261
2020-07-08,2524.9016075263094,1336.2561948692833
2020-07-09,-974.8799385043556,1658.8532567190155
2020-07-10,-283.09227430851337,729.8921464640331
2020-07-13,1420.2758260545047,657.4283748761238
2020-07-14,-1646.2964746509329,185.41218927040723
2020-07-15,541.1899019061941,221.18375217209802
2020-07-16,2160.7141314236424,641.4647756689312
2020-07-17,-2211.2248518418414,1057.1558547713246
2020-07-20,476.9507877984563,1439.5092383632746
2020-07-21,589.8241913726354,237.77473452375864
2020-07-22,1372.7343076659656,1844.8819982716652
2020-07-23,-1655.4260663171228,610.2134792702018
2020-07-24,-1780.6849196264145,785.0428939560946
2020-07-27,982.9123484253464,276.9518245965236
2020-07-28,645.477009849779,-896.9681821910592
2020-07-29,575.7392755188148,1418.831777452735
2020-07-30,719.6723142454636,1315.7907279647034
2020-07-31,-820.0370823677362,603.0707100172506
2020-08-03,548.3805457415053,846.8935020574104
2020-08-04,639.6087099480219,1161.1574523928696
2020-08-05,-871.5271270395517,-293.7820998205798
2020-08-06,2998.661766717135,429.6631258575936
2020-08-07,910.7493813676813,1355.985275735279
2020-08-10,-1586.955245803973,-78.00259621847454
2020-08-11,1184.8304129507446,1005.4905525166405
2020-08-12,-1262.0225053409822,-149.60726323638357
2020-08-13,1380.626905613678,1126.5009877034686
2020-08-14,1937.893368511106,775.0509623917615
2020-08-17,-1031.0234775275658,-330.5922711338567
2020-08-18,1645.0641938664828,1615.31754812002
2020-08-19,819.1713904047475,285.78589624136555
2020-08-20,1433.090239991735,232.82329408993326
2020-08-21,3045.189473980921,940.39843806166
2020-08-24,-168.08217400430573,1604.0461446001007
2020-08-25,-930.6042465362343,88.92472671512212
2020-08-26,-1134.271644438285,843.1758948935801
2020-08-27,-1023.7154274481575,1100.171550231401
2020-08-28,84.3474358788437,1285.1739250842008
2020-08-31,711.7279622249658,923.5090886940576
2020-09-01,615.0361989950286,543.0805126416744
2020-09-02,1440.7748735540356,220.68684554589618
2020-09-03,219.50283781686053,860.3007181324623
2020-09-04,2380.301115735975,49.5026916100752
2020-09-07,-196.9852498569341,-1244.9453384462252
2020-09-08,4280.2537498844285,1105.5918629103676
2020-09-09,1138.5010216475093,1432.7543887603367
2020-09-10,-1085.7363346244238,-854.0527048792869
2020-09-11,-1406.3387470916684,93.18850670304369
2020-09-14,923.7086228647779,1233.4079827036385
2020-09-15,-135.19417798877635,2240.246828798189
2020-09-16,1271.000741138138,814.5555953727855
2020-09-17,909.8564368603172,290.3979411396059
2020-09-18,90.75663101469084,671.9724912266119
2020-09-21,-1070.1905771026074,1762.4134934037293
2020-09-22,-2072.270837028797,347.8250746128253
2020-09-23,-469.77242810053167,240.56559534482244
2020-09-24,1484.5981914852084,462.0795344725773
2020-09-25,521.1406161953059,132.6699742189013
2020-09-28,-1668.608168067982,885.8692211963569
2020-09-29,459.771388776773,1937.2749209286924
2020-09-30,777.9760695932551,1026.1554911812204
2020-10-01,-1125.7861543016995,623.3525485115987
2020-10-02,430.5876589182918,595.7321117591191
2020-10-05,287.3130776689998,-294.23356608765994
2020-10-06,-1514.4554467459348,1418.1768440030114
2020-10-07,736.681040522425,745.5139620910386
2020-10-08,1041.1767895523517,673.664060486562
2020-10-09,1824.5768647629154,3035.1752974914025
2020-10-12,1780.7030780523544,1009.1270358559804
2020-10-13,-1866.5040519356367,273.746264933371
2020-10-14,-1206.7375598726842,501.54968265611967
2020-10-15,972.5529008129897,1603.9119964377282
2020-10-16,970.6789263683132,879.2892873764351
2020-10-19,972.5715294590718,-206.7945848221567
2020-10-20,5979.097235982082,1443.4602542026423
2020-10-21,1056.3357660397505,332.2991401227042
2020-10-22,1903.3484602708984,2111.3084433522818
2020-10-23,1631.0026452398035,1556.033646000254
2020-10-26,1177.0868769586968,486.87467303887416
2020-10-27,-272.9038669605184,1696.711453214579
2020-10-28,1338.4538307399012,847.4988573691824
2020-10-29,-959.2378218063577,1396.9415725855538
2020-10-30,-155.22791011001334,1139.3129721061323
2020-11-02,-528.0453217436552,207.55034150638858
2020-11-03,322.81120907948383,349.5151173777766
2020-11-04,3671.987850010263,1520.9725723068127
2020-11-05,-2600.897788887622,565.6572675254214
2020-11-06,1229.3902855617703,517.4460757306023
2020-11-09,-2219.0738067844773,131.41419445545296
2020-11-10,-507.8977986841502,1096.5193459154227
2020-11-11,1833.4258954510492,2243.767443470201
2020-11-12,296.42002864319414,52.72696002200894
2020-11-13,-1416.6171668939592,816.9536196709306
2020-11-16,-872.9555638899524,1788.5543887908004
2020-11-17,1219.3966234020138,744.2510261279994
2020-11-18,-895.5499475757051,1116.6602573748137
2020-11-19,524.6878843729623,56.3245302971842
2020-11-20,268.3577598557207,1099.814968045354
2020-11-23,-777.4005214087256,668.9990144968158
2020-11-24,3415.9161339879884,1490.0109969759042
2020-11-25,1150.8785334770168,1631.170236095326
2020-11-26,-2837.7138799864106,2612.6945494130296
2020-11-27,479.6814721541415,1205.743221249503
2020-11-30,-792.679697152582,1028.0574216075165
2020-12-01,1478.650002194336,936.0690111041353
2020-12-02,-988.7811076490509,552.7835950325182
2020-12-03,27.895337799651486,1036.9386904231837
2020-12-04,957.4809184706858,593.2190129026794
2020-12-07,1498.6327912551822,917.92268338873
2020-12-08,-1600.4446105836644,1722.3182749255718
2020-12-09,-301.7518537614226,95.42020430425123
2020-12-10,-512.4179667414343,1597.9149927903318
2020-12-11,-779.9938488605678,1721.9805471379057
2020-12-14,2848.1813604216454,717.3520311062449
2020-12-15,807.4725664414333,-685.2984293060163
2020-12-16,-1691.3259315025678,374.52460903389726
2020-12-17,1576.792920582164,1707.8961825927763
2020-12-18,3383.2342955189497,783.9923563907826
2020-12-21,1748.6978908267204,100.48843739356244
2020-12-22,-2079.05494893102,446.6575551402478
2020-12-23,-526.3511092993771,1388.4340185531871
2020-12-24,2100.366723779934,1182.7134977409655
2020-12-25,-861.5041984281711,632.7475305812139
2020-12-28,865.7291422193426,543.2229117297187
2020-12-29,1361.9510801440051,525.7692956693247
2020-12-30,-1190.3957073671245,154.31287085104827
2020-12-31,110.71196590729988,1930.7629826286093
2021-01-01,-4661.901010103609,574.375671552062
2021-01-04,-1336.5814620014348,1652.0109645778475
2021-01-05,-178.85222708974044,1864.921236345716
2021-01-06,-1671.6747729472743,1498.8176287035722
2021-01-07,2648.616955897453,497.8657810973661
2021-01-08,-1945.2120669409492,1082.6110632356267
2021-01-11,-460.06673004547565,783.0630755263587
2021-01-12,396.11086592913705,167.40869748891032
2021-01-13,2361.909933599173,1027.0514972051221
2021-01-14,-1953.793226769159,-25.3278538118617
2021-01-15,1944.7456282324395,1631.3755719230946
2021-01-18,215.34959152938058,474.76789189112486
2021-01-19,-1272.2629765719264,940.8117591109875
2021-01-20,893.1552113949061,998.3015100822995
2021-01-21,498.589543360205,618.7665184071459
2021-01-22,-700.325315738192,1210.6856610326922
2021-01-25,304.7031274850284,467.5674403642329
2021-01-26,-377.9703952926403,1409.908108220071
2021-01-27,370.27601787687206,-142.185776172724
2021-01-28,1193.1960117815702,888.4657056824883
2021-01-29,2579.025224218028,2157.2502993407993
2021-02-01,-1656.7232482402735,99.76807277609771
2021-02-02,3399.5500619844,325.57852063260395
2021-02-03,-2728.131699283753,1159.7354947612405
2021-02-04,-27.677642553374994,925.7072473577185
2021-02-05,1082.4758097268648,1045.4410694914914
2021-02-08,621.487801602549,1142.4309911033645
2021-02-09,-734.0492797308907,1244.305027993239
2021-02-10,-112.18337553591283,1576.7898893693564
2021-02-11,-539.5014019882492,1086.8730598499587
2021-02-12,-684.0471354163172,631.1196417670203
2021-02-15,1474.403145531537,1270.801590841912
2021-02-16,735.523228947571,2129.917354426651
2021-02-17,-839.3643928909812,707.1563775321986
2021-02-18,1549.399813149876,117.82948673055103
2021-02-19,660.9492813149141,1574.9564685008809
2021-02-22,1419.29317825844,715.7331852324812
2021-02-23,1144.4432628854183,-720.8686822098252
2021-02-24,-1043.4925163831085,1393.195174005295
2021-02-25,-640.2715602954544,425.2702698322541
2021-02-26,1320.9404076848928,736.6267023870874
2021-03-01,1115.555398150197,1032.3862313983102
2021-03-02,168.6476090537778,933.3497758453465
2021-03-03,375.991074963173,1296.6162719973277
2021-03-04,2116.4973436826376,495.15954060110965
2021-03-05,-687.3570832537449,1159.174058723258
2021-03-08,1020.6460717550569,618.317325691258
2021-03-09,-103.2889786508411,1317.1673366212522
2021-03-10,-126.52180484083044,1230.7572388091373
2021-03-11,1848.165277980785,145.1929085687833
2021-03-12,1438.1245234820449,1560.1874813225227
2021-03-15,1420.2644540009578,424.82558842016635
2021-03-16,2158.218210731494,1365.6404587968016
2021-03-17,231.50576244913856,1057.1011193809384
2021-03-18,1222.929456942446,2086.728573756586
2021-03-19,-265.40013489018406,643.5738123397035
2021-03-22,686.2495287326632,555.4782427172618
2021-03-23,4.785418448473109,786.4062758785872
2021-03-24,345.4939474890773,587.7741520160072
2021-03-25,1092.7355381553705,1359.959331359435
2021-03-26,-1027.3310248502087,-331.4174259056115
2021-03-29,3338.58091352819,62.422306597552165
2021-03-30,-1309.026072249553,52.53795489456479
2021-03-31,-1621.2829191815983,1465.215314381503
2021-04-01,1937.1663102501018,1997.4293608073476
2021-04-02,1387.4940409444039,726.88554702377
2021-04-05,1136.1797255782326,681.8247937669926
2021-04-06,1142.5182638964197,849.036514179227
2021-04-07,181.62984072962806,1613.3148118257334
2021-04-08,-1145.8815572287474,150.8528060665982
2021-04-09,313.70683729058953,966.8582879143496
2021-04-12,-815.7425672681675,1482.6383408477009
2021-04-13,1662.6796001266268,1150.7659189578917
2021-04-14,-20.586072253207988,932.7071316191204
2021-04-15,-1038.2457951887673,1500.7322647969988
2021-04-16,-282.07876247949014,-1092.262605099466
2021-04-19,819.3971814134364,1274.5127236716353
2021-04-20,-645.5868292059621,342.1470218108033
2021-04-21,-1033.3305933496472,-481.44302779951977
2021-04-22,565.5308172378684,1157.8418196674866
2021-04-23,567.4498566630841,1761.5609816140704
2021-04-26,-560.4147630566946,703.7860397606157
2021-04-27,-506.5574584274841,1467.0121830420571
2021-04-28,548.0749060364544,1928.5947805920518
2021-04-29,-1972.1265122459863,1720.4401175088333
2021-04-30,-1911.1956615648328,1947.9751705599751
2021-05-03,-877.6663318786541,1319.4892437503245
2021-05-04,-120.17072756777088,852.803547231115
2021-05-05,666.3613483970069,-321.37606832801794
2021-05-06,2413.034325424328,627.756258309036
2021-05-07,1486.489434803029,209.7273832786658
2021-05-10,-39.907794945140665,2319.6599022484697
2021-05-11,171.47568814596676,676.8799312973644
2021-05-12,-1303.7940469567134,886.24336474914
2021-05-13,172.2302960114151,1186.0397632283273
2021-05-14,-232.9879583802075,830.5217124607176
2021-05-17,684.0778405071342,1986.5357283015271
2021-05-18,-1040.8464153284845,364.1454467858836
2021-05-19,979.0197713617584,936.2252186660698
2021-05-20,2499.1083695038665,280.27059001136627
2021-05-21,36.8597773147136,-124.01575785449404
2021-05-24,802.5675831484122,371.7616363663002
2021-05-25,1235.2159875666687,774.0742420661115
2021-05-26,-401.8307078287544,499.488442837918
2021-05-27,536.1387227156251,315.3053140883008
2021-05-28,218.8886011726923,-184.42222457028367
2021-05-31,346.5141478232476,741.8260991599136
2021-06-01,-959.5146757831997,-253.30426182170163
2021-06-02,236.76526138841407,1332.039174582722
2021-06-03,946.9974368681746,857.7078270541523
2021-06-04,2376.7154116925626,-220.28604962545137
2021-06-07,1638.9062391278103,583.5536460650956
2021-06-08,3429.7736862673346,273.4905160865918
2021-06-09,-951.0213443320742,1023.4221572934263
2021-06-10,1508.4809550810173,1738.3153122162012
2021-06-11,475.01300860752764,-512.6207287520213
2021-06-14,3484.7043998265085,880.518255403192
2021-06-15,-1012.4474280327272,687.9070431033517
2021-06-16,-1059.5827632711641,1269.938053515326
2021-06-17,-699.0889681660333,949.2376397663825
2021-06-18,-2985.8435864647104,273.6214677828267
2021-06-21,-588.6325325211416,576.6622450333673
2021-06-22,-938.6989923305468,242.7819002375577
2021-06-23,425.5906797143115,1553.2049970190187
2021-06-24,712.6339636657392,814.9181540703596
2021-06-25,3014.2562588238293,2130.833480027105
2021-06-28,1625.6357572790753,757.5374303297655
2021-06-29,-665.3554834936047,304.11526316267606
2021-06-30,-1147.622007022537,-259.6000748289789
2021-07-01,937.8787572597586,-462.1977733791616
2021-07-02,-1780.3498105309632,-308.8951601038427
2021-07-05,2947.188148781531,986.9886557080383
2021-07-06,1969.1601810819304,1156.1075162609536
2021-07-07,-503.7634781570572,-306.83349142249335
2021-07-08,-2369.7017936363163,1426.5268198532808
2021-07-09,2230.808561248119,461.85726382159237
2021-07-12,28.190232121073166,902.7551083898845
2021-07-13,2056.7244679601927,1928.5544397787971
2021-07-14,-2191.6414881915507,1427.7875211058722
2021-07-15,-699.0625344306593,612.0285464659173
2021-07-16,207.86554957727475,176.16544220929882
2021-07-19,270.4708906471131,-706.2707809305134
2021-07-20,-475.09820721886547,296.59267653030594
2021-07-21,1134.2748985212481,652.2088328206139
2021-07-22,-1401.4306440738915,108.97433099417128
2021-07-23,-13.569227531940243,708.1201230353867
2021-07-26,380.4434475678483,853.7963180711378
2021-07-27,971.6582510881235,642.600812734345
2021-07-28,1267.4223171333347,344.9981934235782
2021-07-29,-1486.963137756804,918.0582703767094
2021-07-30,-2101.1712561034333,1109.3584546985862
2021-08-02,2116.5152328477634,36.72064579000778
2021-08-03,698.4710179693875,1787.652665822389
2021-08-04,-922.7298048348305,730.9883074010168
2021-08-05,2526.7279632837844,813.1947360613933
2021-08-06,373.511951439288,1295.75009627959
2021-08-09,1968.9457760957396,963.2512918844511
2021-08-10,301.27772211516344,1467.1956437392714
2021-08-11,3291.1218873229805,1000.9869156412769
2021-08-12,2833.011263664807,371.29383775169345
2021-08-13,-173.44622271861027,1053.052467644271
2021-08-16,1657.3564264315332,-0.6083451244631988
2021-08-17,1168.0639243777214,875.9917940435662
2021-08-18,2252.947336298523,776.7390065488775
2021-08-19,-1247.3851908701567,654.3181999092222
2021-08-20,1229.077189997659,710.0237419927485
2021-08-23,1787.6367302743818,-517.2943318483474
2021-08-24,-2438.1092296346715,415.89256458132695
2021-08-25,-1574.8877689986625,864.9914307987804
2021-08-26,-2858.848266640151,911.8994743981802
2021-08-27,-204.11025166683663,80.62740135182935
2021-08-30,1276.3133836939435,1685.9954886052906
2021-08-31,2453.535578144042,193.67760624984942
2021-09-01,311.14217062966276,1478.6200403687158
2021-09-02,2642.9233183569377,1099.0360533101793
2021-09-03,-1870.1521873223369,347.64088310933784
2021-09-06,-2355.073659032732,2042.7176248266585
2021-09-07,116.67845165507183,-35.54578222953603
2021-09-08,776.0981734089609,1443.407921527001
2021-09-09,150.95787785886034,1500.407622630085
2021-09-10,-2901.163150059815,330.56585364634856
2021-09-13,66.3199407308174,1774.7257100450302
2021-09-14,-1756.7042507572799,624.967439780733
2021-09-15,1204.5088232450576,1002.0855404959
2021-09-16,749.8973691452724,982.2252871398546
2021-09-17,-1209.819679491033,705.9838809706165
2021-09-20,-570.8003760050403,1367.5657912118475
2021-09-21,-1388.8202828334274,1355.442104386549
2021-09-22,105.98135409024218,-423.97238126672664
2021-09-23,1632.7134807518573,1713.0381700147068
2021-09-24,-1278.5890695033156,-363.74439162497197
2021-09-27,956.0697732767666,1522.78234303916
2021-09-28,-595.3864275586611,1588.6935957793085
2021-09-29,-989.3092483935163,36.32349884936127
2021-09-30,39.45446006816326,512.4299984317906
2021-10-01,-1352.8634836290612,26.006732059845035
2021-10-04,-630.473958020773,649.5552787978853
2021-10-05,-1596.8168388832728,584.3760010699812
2021-10-06,3147.0876993745837,1345.7623725885378
2021-10-07,252.8953279575929,1717.2161222837258
2021-10-08,-849.5882619888785,1776.9786675529692
2021-10-11,520.9698661013331,406.4823813951885
2021-10-12,31.50792546375527,653.5446883788305
2021-10-13,-131.45439929983445,-378.40673455466526
2021-10-14,1121.2500500651377,235.89095345266787
2021-10-15,1336.2615650709577,1475.3961431682203
2021-10-18,-595.7517214157912,1930.9079764837622
2021-10-19,-663.72736096702,-64.0442103159454
2021-10-20,-212.57754572746603,385.27501859297405
2021-10-21,-3252.881747103377,781.5159701287511
2021-10-22,-2072.7865932978284,996.1128111737248
2021-10-25,2250.311401166787,233.2775360548477
2021-10-26,2667.4515702519257,1096.842731124863
2021-10-27,-173.55405933456746,468.3124570503587
2021-10-28,1064.8354445836496,789.8834103852046
2021-10-29,666.8752318153042,1182.3989736025896
2021-11-01,4818.321212682857,804.4955888676565
2021-11-02,1879.362367151865,494.529876631402
2021-11-03,8.123612778850202,723.2731372519185
2021-11-04,-1233.3106609006386,738.1459285562653
2021-11-05,-2209.669480386359,540.9922790825105
2021-11-08,505.1954538008346,618.8427561330284
2021-11-09,-934.5261179264551,1919.0530193533018
2021-11-10,-1933.380564396511,1192.6436135588672
2021-11-11,-769.8593263637898,593.1637773795877
2021-11-12,-1422.3220054215924,1287.868083157515
2021-11-15,2730.7124526088473,566.326357170793
2021-11-16,1522.4596354241758,1621.1872463106488
2021-11-17,188.04103802507393,1058.7495345386658
2021-11-18,2419.916208335039,724.8884991970398
2021-11-19,316.0524614714275,1113.4018480671944
2021-11-22,-1091.9263019923956,-299.6133064479495
2021-11-23,2484.686115904486,11.262771763136357
2021-11-24,1008.365065526988,-35.74750447933877
2021-11-25,-1355.8692314896846,900.0601663345947
2021-11-26,-85.50801712541227,2012.7604996395644
2021-11-29,-1113.4273800771357,2361.9101023348426
2021-11-30,-1874.199596446504,1246.63577100853
2021-12-01,1589.2663212974621,1150.5911324611197
2021-12-02,3064.124960705196,-460.7404139069172
2021-12-03,-1897.8513607287118,420.1283401861848
2021-12-06,1044.4538550358563,248.55137366423276
2021-12-07,-775.9638536827404,365.4066812242188
2021-12-08,-530.6880756470441,682.2993269906473
2021-12-09,-688.5908863583037,469.53659561201084
2021-12-10,-1095.986154519724,-585.5098672630513
2021-12-13,272.7824419172405,1323.5371792822737
2021-12-14,-1046.4251746165567,49.079881982135475
2021-12-15,605.6852386697583,967.4728048778047
2021-12-16,124.64283582629457,2251.8578688249813
2021-12-17,-158.42207029961463,156.43078588950368
2021-12-20,-1161.3454930623968,-971.2012659224308
2021-12-21,-665.1569958524991,599.7970446839224
2021-12-22,1333.086838738634,1570.6717444989997
2021-12-23,951.3757814365712,2170.8432179544156
2021-12-24,-1266.3328671978265,-60.68471611669179
2021-12-27,348.9984581438388,1147.6894562655652
2021-12-28,1327.0806850576835,474.28268025396267
2021-12-29,-2304.1079216820576,725.836151987105
2021-12-30,1015.0402885699026,2651.040342911924
2021-12-31,-793.93563841877,-252.07922987660731
2022-01-03,1055.898002889739,977.6177630462014
2022-01-04,-944.8887348137753,1127.3852202358032
2022-01-05,-2507.3231509967786,1560.050427457543
2022-01-06,-2241.313656824744,868.5882074296268
2022-01-07,272.127419992073,1015.6353776528716
2022-01-10,589.5837525822228,525.8460028047461
2022-01-11,-1156.4749376566128,988.3888588715752
2022-01-12,1157.888688166061,559.7654071518127
2022-01-13,-2292.28009340344,1235.1003228992356
2022-01-14,100.88030202902515,541.2727647694562
2022-01-17,-1616.524299643685,1063.9702757315306
2022-01-18,-777.7541617032388,779.5160304205151
2022-01-19,271.09800697462106,1588.2351755405177
2022-01-20,-1090.6200479259287,764.0243934880597
2022-01-21,-376.833316344738,-441.122727744817
2022-01-24,1709.4392138216608,1683.345050499794
2022-01-25,-665.3378042847231,165.9873893961668
2022-01-26,1453.5381680977127,342.3635629458261
2022-01-27,-1494.560281986427,383.03709416955553
2022-01-28,994.7062668729242,1762.1066652195723
2022-01-31,2362.3529309868504,-694.971949785087
2022-02-01,-3507.466750190934,2996.423973561996
2022-02-02,-995.3428832057152,1539.2397663462361
2022-02-03,1065.6081907708099,956.2672398904117
2022-02-04,-104.56807906448904,761.5741995685995
2022-02-07,756.7188100569632,999.8878524003599
2022-02-08,-705.9777800737309,1164.7856998655368
2022-02-09,329.8846812093499,1251.65091016504
2022-02-10,-33.51585308811923,1188.9231262024139
2022-02-11,1951.673092489711,862.7064768786742
2022-02-14,581.6312649518197,661.8631057848718
2022-02-15,706.4039931128033,694.1087014425418
2022-02-16,-417.81544918370105,663.5642037531233
2022-02-17,-531.4093361087403,1593.6390678069451
2022-02-18,-448.8372817294313,1215.4897055966032
2022-02-21,791.6782135674453,-1258.272044264996
2022-02-22,-431.47672123039445,1259.1305435708327
2022-02-23,634.6622853446194,936.3153363031424
2022-02-24,3313.1011979681584,786.9038704878718
2022-02-25,1506.6870551475386,528.03708283778
2022-02-28,-289.0352982517617,1586.8789039902094
2022-03-01,2001.8208832459172,1463.2685234860005
2022-03-02,-412.11305953232704,258.98563252347367
2022-03-03,-2857.1868027667806,1084.9366009871746
2022-03-04,-1312.1294663761062,119.84028582109977
2022-03-07,-2606.1878815387836,-165.73271535225138
2022-03-08,-327.27022606196294,361.2979427870244
2022-03-09,227.62756878432754,1403.675430667931
2022-03-10,2714.6559684129243,1467.1875317632607
2022-03-11,690.3910606462439,1159.1597940681052
2022-03-14,-128.65079321329637,1307.567050793598
2022-03-15,1444.1083717752338,1161.3248009804709
2022-03-16,-3116.702963511828,350.9628833439334
2022-03-17,553.421837162849,1102.3457812717584
2022-03-18,1356.2977908304504,1360.2866676593776
2022-03-21,-2017.8793686697622,1328.003930869502
2022-03-22,1915.6310648103936,1632.23936003225
2022-03-23,707.7446112416212,1295.8126930407448
2022-03-24,-422.9318708512019,1046.013745279108
2022-03-25,1149.1727991594273,1549.105166821499
2022-03-28,3606.039286706594,781.4351185256579
2022-03-29,472.79938258774274,182.6877441405975
2022-03-30,572.3308794505042,685.8531252393652
2022-03-31,-489.0413493103662,278.5681486354856
2022-04-01,-1074.7665541971878,327.3752075179329
2022-04-04,1445.5037248163685,698.8369304991376
2022-04-05,-1084.1257388633007,245.30605530002708
2022-04-06,307.3493558290887,584.4269292526718
2022-04-07,-516.486170147675,-525.53026686765
2022-04-08,918.4697386195878,949.305595161057
2022-04-11,700.4931579304225,800.843832753557
2022-04-12,1756.3099163868487,228.03795825226655
2022-04-13,-565.0245982821206,1261.4719679026834
2022-04-14,-204.81240294005687,1456.299096338591
2022-04-15,-1268.145573673461,-325.2919050582818
2022-04-18,-466.4398901141674,266.09265500365007
2022-04-19,765.9507395672783,261.60035514889125
2022-04-20,1335.4829249680279,142.06782922379477
2022-04-21,-1183.2479862664381,1380.632389352224
2022-04-22,1504.4088801584903,664.3217028590375
2022-04-25,2233.456788207426,614.8396110825724
2022-04-26,820.1523548355513,-602.7036550847274
2022-04-27,3015.193718837099,1244.7926211464585
2022-04-28,-960.6837986553596,-67.48087639743073
2022-04-29,-1666.9820549671256,841.9528411864297
2022-05-02,-2468.080373356418,994.1638565707342
2022-05-03,2444.0664672337743,1752.4610170870556
2022-05-04,1181.5484845310866,-116.17427938337846
2022-05-05,116.6229936343174,-1313.6585090745775
2022-05-06,619.9529394797305,928.6946813275864
2022-05-09,-1488.2335709475647,2060.3578270575977
2022-05-10,3868.6279694252394,1667.262447057606
2022-05-11,393.8317729628412,946.7615906922381
2022-05-12,364.0921919073393,455.85467005756686
2022-05-13,1288.649935848038,1364.985817646117
2022-05-16,921.5138476050698,118.51766020687194
2022-05-17,535.8260364186971,1133.4504385493535
2022-05-18,-985.711683167968,1153.8291114166389
2022-05-19,907.2025357039936,1542.1469352492159
2022-05-20,3023.0367447125504,2731.7620272377544
2022-05-23,2218.1300692324667,1074.691177025137
2022-05-24,2589.7799399590954,443.72546200475085
2022-05-25,-566.8235146467778,782.0979814656039
2022-05-26,-1284.4072303878713,-438.3531334223828
2022-05-27,11.319619850527772,313.70080823765926
2022-05-30,283.5873684330419,513.5022933208272
2022-05-31,1841.2872777064229,433.13812144578526
2022-06-01,-2338.696944572229,906.6484104236054
2022-06-02,2494.3254791909208,224.30604733245957
2022-06-03,-37.011847868484125,1584.72146712713
2022-06-06,-440.3216049211301,800.1449454427379
2022-06-07,-1318.1565628902513,793.4897752029699
2022-06-08,-2282.285007798654,570.4736984409575
2022-06-09,1434.7558759428719,908.6334787012854
2022-06-10,309.97695078260585,1377.5687852673443
2022-06-13,-1734.9413496115808,193.00884900236974
2022-06-14,-1742.6181580954242,339.3184576473203
2022-06-15,-303.6770489351923,587.3917798563348
2022-06-16,2703.5322879340893,-142.10964643125044
2022-06-17,-189.3870270454072,226.51949819495155
2022-06-20,-2054.7144296771594,466.6453885187387
2022-06-21,-168.6145961289165,1412.0724264989094
2022-06-22,-209.0853546215057,983.7929303013475
2022-06-23,-3845.3299644123576,935.5129379572811
2022-06-24,118.55770022328169,1395.6285735175807
2022-06-27,-146.40179531301692,703.8397481204223
2022-06-28,1244.3095472201276,1073.3253949502227
2022-06-29,2973.434142418018,727.7447729472526
2022-06-30,1889.8475443216362,985.7536445797399
2022-07-01,-203.33303583224586,392.06893967189257
2022-07-04,-1459.7888631125054,-907.1720107935002
2022-07-05,4060.0397048747905,706.0045864695871
2022-07-06,288.8276510217324,1795.923695269958
2022-07-07,220.8939378694193,1448.3507815691146
2022-07-08,163.81236933499508,1475.7782392138195
2022-07-11,497.12714115178244,1665.2915052643525
2022-07-12,-16.54061788591372,862.0603136730062
2022-07-13,-660.4930103203544,938.1209951839169
2022-07-14,-620.2884118605882,367.6436731959549
2022-07-15,150.87009467600242,578.7490007810652
2022-07-18,-615.1371567006474,1231.0398048397992
2022-07-19,-869.2686740157465,1642.7191060181713
2022-07-20,359.64534153784524,702.3876070233003
2022-07-21,-182.46582613128294,484.8675146040119
2022-07-22,2455.989482874033,800.3695711996181
2022-07-25,-3776.454712589518,1220.8447242503803
2022-07-26,1837.2602778836927,-210.69837129347923
2022-07-27,2069.127788746444,-807.3266671960666
2022-07-28,-2910.085348612224,414.6242053558915
2022-07-29,-314.03139112052315,-54.498698139911085
2022-08-01,-357.1612989936872,444.3018616468824
2022-08-02,-1911.2675420767318,696.55377682777
2022-08-03,-966.725031386313,482.7261136838906
2022-08-04,-1465.8637681987432,1816.727274129522
2022-08-05,2828.405665135434,1028.721335221624
2022-08-08,1603.5175897211918,1010.3320517275798
2022-08-09,2107.3326424912384,1235.5450008303815
2022-08-10,1282.5080960648527,2.8168175534616466
2022-08-11,-1493.5776568258439,1527.3782511941881
2022-08-12,-586.7803994196605,746.9649994251781
2022-08-15,934.0618418418771,1269.3364320688488
2022-08-16,-1633.1917133379181,49.69993687189117
2022-08-17,1269.497645258582,-287.6311362112451
2022-08-18,-160.48809723720257,1372.52276061752
2022-08-19,-362.2312113243962,1063.4866682682616
2022-08-22,1266.4399523052373,168.56391194974276
2022-08-23,866.3949672290596,191.2358431077139
2022-08-24,-341.44924872861986,1587.8043490903387
2022-08-25,1938.994705046372,-32.58832500712947
2022-08-26,-1421.5949913998459,1949.8710672791744
2022-08-29,1123.9034104163957,169.56548574649185
2022-08-30,1089.6518869525758,1246.874347925868
2022-08-31,-264.3196589709854,569.9670669757107
2022-09-01,689.1995333631769,1222.23120175764
2022-09-02,-1676.6703645779544,419.1201985200652
2022-09-05,1586.0405288103516,686.044965749394
2022-09-06,-77.35320466448354,828.6434227770048
2022-09-07,-584.0845307785593,98.46878095296904
2022-09-08,1773.5138387553338,1318.577041794088
2022-09-09,-856.515535814139,440.75050346989036
2022-09-12,-1912.6919445453395,639.980059261987
2022-09-13,-2134.9437602858557,103.95543777404146
2022-09-14,1109.0149270184593,-993.6335611567174
2022-09-15,-1720.6440287444245,666.2805661798817
2022-09-16,2832.1912729765468,2488.830795129041
2022-09-19,-2922.894111825583,1349.2230015286168
2022-09-20,2744.6845524350574,786.5177341859237
2022-09-21,516.5262008039276,615.9764195542126
2022-09-22,54.93033219441142,815.7261249684325
2022-09-23,-617.3786302134246,1182.983380622647
2022-09-26,798.7041715281063,-26.568970716191416
2022-09-27,143.54794636272746,1580.0251862682105
2022-09-28,1854.9528230247822,1300.766920808871
2022-09-29,371.3414729930595,1302.7300079955542
2022-09-30,425.45264219281637,1106.9330171668091
2022-10-03,-345.4183183207838,813.7316603857929
2022-10-04,114.58156441839881,1271.0028651767739
2022-10-05,661.7026533380888,1214.2698936189645
2022-10-06,-2365.2525889849385,552.1715023412834
2022-10-07,-1822.2781331585695,398.4787589721693
2022-10-10,1314.8961410340726,871.2994066833907
2022-10-11,456.29815719191276,1884.3141060466312
2022-10-12,-75.97500452901869,-67.37495295773067
2022-10-13,227.65089959808975,-227.2676860267079
2022-10-14,721.3725580425065,915.3325888655618
2022-10-17,-609.6395204640422,835.6213912992126
2022-10-18,-967.457088103469,921.3391650592857
2022-10-19,493.7678826465223,970.7672385359501
2022-10-20,-1267.559166422548,643.7584217556364
2022-10-21,812.3791335717077,1842.9044070214575
2022-10-24,-2353.875406356761,-320.63278493356097
2022-10-25,1743.7334559884655,220.05208265382782
2022-10-26,908.8962236195645,727.7216678956668
2022-10-27,584.0446014708134,-350.232167807917
2022-10-28,1674.0364759182708,676.9019168975502
2022-10-31,2698.211666693865,1963.0291160096128
2022-11-01,1721.5550975271956,814.6205418071733
2022-11-02,-2561.311346997468,961.4906340030784
2022-11-03,-1719.3654501035523,-82.11533562080615
2022-11-04,-737.2278665435183,368.54701437236577
2022-11-07,239.13657531625068,537.3625337732442
2022-11-08,976.4885307036845,577.5994322706362
2022-11-09,-888.6157197301984,1697.150656502638
2022-11-10,480.1501467156175,1190.3837425075872
2022-11-11,-933.0743985299839,21.979430144077583
2022-11-14,-717.2767044879224,972.5533449024034
2022-11-15,-1909.9916452723332,1148.7552239477495
2022-11-16,-1184.8498691663565,1598.1043269648867
2022-11-17,-1827.5269084245006,1906.3784805978614
2022-11-18,-1263.809879465999,89.43406572049196
2022-11-21,1780.4626949117592,232.39974215276322
2022-11-22,-1224.0983332479145,-80.30450124023139
2022-11-23,4148.573097256087,636.186098625113
2022-11-24,939.9768513213338,1126.4508621124342
2022-11-25,477.25418554231084,1491.1341616123714
2022-11-28,-1087.5366702718204,746.8342834502341
2022-11-29,1250.464819113487,576.1067337216092
2022-11-30,-663.4567393566609,906.2305945741183
2022-12-01,383.0147219680422,215.39996885898393
2022-12-02,4040.126807403192,2262.6771051863416
2022-12-05,55.91015041302518,-325.3627189826411
2022-12-06,1923.9099894285137,929.3184052270071
2022-12-07,-854.764637688831,2216.5243534607475
2022-12-08,147.51726425455746,804.7598911919985
2022-12-09,2856.200953453265,666.9726754989539
2022-12-12,-740.4505866816511,549.788204032701
2022-12-13,2918.672836995393,673.7258227663145
2022-12-14,1261.6279031832132,1760.993932273571
2022-12-15,-643.7001638414015,-748.3033379306548
2022-12-16,1148.6116085832814,1873.4035909074278
2022-12-19,1658.8316744400947,-196.77000671510154
2022-12-20,1132.7149433257946,613.3433695359097
2022-12-21,-2155.3370798356846,499.52890579093673
2022-12-22,-890.705763737303,1211.987288839504
2022-12-23,-171.27795332725714,-318.6870463186233
2022-12-26,88.34985634993058,1123.52086625736
2022-12-27,1131.0081463260171,2217.0167363007968
2022-12-28,466.55150139988075,-154.22180321496728
2022-12-29,-1803.016538065152,932.794317327277
2022-12-30,770.2967765089448,336.61247554237366
2023-01-02,1115.8786179257347,1098.1210443351251
2023-01-03,1039.6856718965596,813.4034441910264
2023-01-04,1821.1710883319327,350.95916366898325
2023-01-05,1450.883231823356,1141.5105994097516
2023-01-06,888.770118842655,2063.04367685072
2023-01-09,94.75143281202946,666.3673457908909
2023-01-10,-2291.4414002739873,1303.8305595037273
2023-01-11,844.4273286988788,-105.29107050981463
2023-01-12,511.5315307446667,130.49453622739384
2023-01-13,607.3682557930601,1130.684394516264
2023-01-16,-1715.1228637304641,1838.8812199751756
2023-01-17,-1421.5848106123935,1048.929344149962
2023-01-18,1779.7292799993554,580.859378633792
2023-01-19,140.66726921501743,799.5039837963478
2023-01-20,1222.2510460589365,-75.2854137788022
2023-01-23,242.47756419569174,1223.1607284487568
2023-01-24,244.6342092436178,1417.6331436263863
2023-01-25,1607.4257089639966,483.5367670168437
2023-01-26,-574.0670923260609,470.97049656834895
2023-01-27,344.18116541147504,986.114760756434
2023-01-30,-493.4129330575637,494.29618477158317
2023-01-31,-451.7443411484734,753.7071697619243
2023-02-01,-263.75818520295906,2269.8052524165605
2023-02-02,533.2006574505692,627.0820094778023
2023-02-03,-518.122932495216,549.1618935851444
2023-02-06,2083.634188360281,346.72073605538856
2023-02-07,-1141.9109533292558,1320.9343800499557
2023-02-08,-80.30746624203857,673.1430787473279
2023-02-09,-459.59658741126236,345.4388731750018
2023-02-10,2370.4668265305995,1724.9128225911086
2023-02-13,494.832164767362,1793.722103159546
2023-02-14,1747.7668092029523,379.7035039829064
2023-02-15,-2028.3405595554577,-506.57796595243144
2023-02-16,600.5753988038882,1505.2595828858455
2023-02-17,1534.4461934351557,320.7591219679972
2023-02-20,323.4259839131363,1353.437919413938
2023-02-21,1798.2205625980268,-579.0726723982848
2023-02-22,-575.9326751505582,1424.8181368095165
2023-02-23,2314.0211602783697,-47.820350496546894
2023-02-24,3648.3471854288755,1311.534883346567
2023-02-27,-344.2578406594886,809.9911474855039
2023-02-28,-468.25378210115764,132.2424064223486
2023-03-01,2380.0767156765514,515.0745809512537
2023-03-02,2569.3582185960686,1280.4229198696905
2023-03-03,-584.2900407299024,874.126117180664
2023-03-06,-430.2802256437859,1209.089086330739
2023-03-07,-222.6769132907608,2183.5084091608396
2023-03-08,-1816.6757665514156,-294.9691281977359
2023-03-09,-1177.9779197262974,1932.0488024780368
2023-03-10,-1306.2111501281017,873.049156266249
2023-03-13,-951.6963476561928,170.85116617381027
2023-03-14,147.97266891982824,-131.21953801729285
2023-03-15,551.3220988047811,667.6157264560766
2023-03-16,2525.7507392211155,1445.1550783471216
2023-03-17,-1297.5310611081863,710.715615735726
2023-03-20,1676.4835977148757,1857.8084511731433
2023-03-21,-120.98326633826343,-215.82298303609127
2023-03-22,125.80443552135057,791.5377365077618
2023-03-23,1212.2292382499056,-76.6754110891834
2023-03-24,-1484.083032343448,1054.5423178374774
2023-03-27,773.6146192760759,1420.8211730681103
2023-03-28,449.67831231958417,505.4667444232627
2023-03-29,938.6768960122237,-1022.9496996389939
2023-03-30,633.7529658617271,939.2637027575462
2023-03-31,3882.9502098663415,1105.7169862134567
2023-04-03,-756.6099763769739,1083.0063284731884
2023-04-04,-596.4954325027264,1665.0475342755078
2023-04-05,-734.7107896371465,50.262424245665784
2023-04-06,-633.215678740382,1276.1512738153147
2023-04-07,-756.0806909597766,1634.7552587345824
2023-04-10,1983.5247966613276,-445.01130880456185
2023-04-11,2330.756371984782,1023.756278143284
2023-04-12,-656.1194406242145,447.07411829462995
2023-04-13,-1048.533359656343,742.9341288288479
2023-04-14,907.1233345796061,1043.3735384768354
2023-04-17,-628.3345664214569,458.9400051205134
2023-04-18,1149.3977266332663,327.00434458687175
2023-04-19,504.3845312769496,823.9066922416172
2023-04-20,-2073.616172495848,38.927842796038135
2023-04-21,2521.2578019950924,39.92240978037023
2023-04-24,2893.8165096432826,1275.5612980695523
2023-04-25,-719.1830357265793,-4.155824611059302
2023-04-26,-381.5523399039762,1266.4187506364483
2023-04-27,628.7980860873574,1123.8139049977658
2023-04-28,701.6851849805375,-408.06471015341776
2023-05-01,1187.8164090092457,325.70474336504145
2023-05-02,3215.3068081495244,1635.8765821331608
2023-05-03,-65.42084124107407,113.18412820222284
2023-05-04,-997.4458668076807,474.91701638342863
2023-05-05,-1868.978842021791,1123.4426252763276
2023-05-08,-896.3950599128787,1348.373356497817
2023-05-09,150.30954068930436,623.922779768853
2023-05-10,2891.8367952766816,381.7428637158509
2023-05-11,-576.4169485542571,1795.6589031889553
2023-05-12,535.6819274583477,2017.2297646583052
2023-05-15,175.3656558908719,1485.2006355472568
2023-05-16,1982.5899101721259,859.7226997955169
2023-05-17,3990.3986388104327,234.21399485135157
2023-05-18,-596.3031593804809,218.68891541040432
2023-05-19,-534.1591637773332,1165.7598736860302
2023-05-22,1766.241315603608,1092.8787546220785
2023-05-23,1222.837234439467,1781.1190150625007
2023-05-24,2970.06098860405,1255.3150647752973
2023-05-25,1075.8922779889458,-252.1562112318727
2023-05-26,-338.93813618058925,1536.363332406043
2023-05-29,1085.982246038464,101.35756087991092
2023-05-30,1863.0553708743616,531.2201096333539
2023-05-31,1430.723271796046,975.1401443761861
2023-06-01,960.9110466609466,2196.9672428487747
2023-06-02,1800.012034383731,2976.9429892037524
2023-06-05,1953.943385668509,1224.706141395328
2023-06-06,2273.238486556291,671.7623668957285
2023-06-07,1173.064831384464,1174.1539539363853
2023-06-08,-50.67712047528153,1421.3587981116852
2023-06-09,420.0705296499842,575.5326621099658
2023-06-12,2009.7634497625352,2056.6479491386253
2023-06-13,-1025.403506480854,961.0495314339814
2023-06-14,753.0099633093517,1148.420162363976
2023-06-15,-390.008218491041,1266.146976438123
2023-06-16,243.11723440222625,1095.110627430119
2023-06-19,2117.677793910948,1387.2583503287285
2023-06-20,486.648602029855,367.92276941715375
2023-06-21,269.6548222342232,409.1887722377786
2023-06-22,-1839.784211469879,29.892036919813563
2023-06-23,1319.380349040831,1107.6508614341585
2023-06-26,1168.2262717116132,1345.25555245848
2023-06-27,3444.8820849581903,1120.44100630632
2023-06-28,-261.66735242950125,1972.1447033432762
2023-06-29,528.7254914959085,796.0827868196674
2023-06-30,574.0755255661329,1268.1191589147588
2023-07-03,2566.1799196452116,35.80938670247997
2023-07-04,57.05670141957185,529.0302082679193
2023-07-05,618.5322886555089,1286.8764302960442
2023-07-06,1111.8447645748088,1394.3714775202006
2023-07-07,479.9136847345372,594.2231366350725
2023-07-10,-469.65042182579236,749.8805236993533
2023-07-11,491.1349893474614,-262.5116226765665
2023-07-12,1810.447624789658,550.0795594353734
2023-07-13,-1339.7729491165903,1423.2682144638502
2023-07-14,399.454511220314,1202.6435112745964
2023-07-17,-850.1812224087598,1150.4660049668469
2023-07-18,1992.5699433872637,834.8415810266721
2023-07-19,-2084.780357175662,804.9442110397235
2023-07-20,-638.3827709073825,337.77520236858703
2023-07-21,765.8178125967813,1289.1798941417744
2023-07-24,2548.286043851511,1094.681061072573
2023-07-25,101.3746083905183,1144.4131935949595
2023-07-26,-632.7992900397976,431.7756101326937
2023-07-27,3021.735604160885,-707.3400439098712
2023-07-28,-1972.0208506243662,1568.006898227587
2023-07-31,-3098.2089349301227,464.81378079411706
2023-08-01,860.0216750799985,196.0569651698156
2023-08-02,-553.0813365289167,1285.4352383397957
2023-08-03,-1331.8492256960699,525.5911520566093
2023-08-04,1262.53467094903,1541.9554688326352
2023-08-07,565.7010706567983,1231.9041647036884
2023-08-08,-646.1179461050925,1278.4985262403343
2023-08-09,-1720.4565980063417,-156.168997840374
2023-08-10,1508.685992420217,1648.3607897704803
2023-08-11,1175.3017669379915,982.8753718636992
2023-08-14,51.23620433092563,541.5060025276578
2023-08-15,2969.955494071499,900.3719271395757
2023-08-16,-1405.127149489229,-443.364663028824
2023-08-17,-2088.2877563871084,1086.0569680364697
2023-08-18,-837.8621048218668,79.43994427254995
2023-08-21,131.6209754667533,-146.86920009047412
2023-08-22,565.0091739840377,-265.6514303525237
2023-08-23,-161.85408678449483,1578.8818624929477
2023-08-24,728.0830947714452,359.5156244150479
2023-08-25,-1677.309136285666,1873.6093969415494
2023-08-28,2365.646906109889,424.93897586339153
2023-08-29,76.7732324111468,-395.1505703150626
2023-08-30,1875.9437473821915,18.432892035938607
2023-08-31,714.0880195665562,1665.068134004857
2023-09-01,885.1298287306759,690.8712754443327
2023-09-04,1054.6509203483058,416.19889245657936
2023-09-05,871.5628400259725,912.0127580969514
2023-09-06,1164.0841398013158,1151.2479153172815
2023-09-07,2193.7287951986473,1582.1791711317226
2023-09-08,494.7817545522052,1813.9494609250482
2023-09-11,1263.5056363827684,548.16194794764
2023-09-12,65.39645856915993,-128.2333802574268
2023-09-13,2360.175823174209,510.57438721370676
2023-09-14,-814.5884530889045,982.1963546080203
2023-09-15,2901.4106493662234,125.36875165257243
2023-09-18,139.76307403348488,129.99435957346998
2023-09-19,-1946.1626531770721,1040.6515170849198
2023-09-20,392.1566223661839,765.9433539006842
2023-09-21,-821.5774862123212,822.9578967881106
2023-09-22,1460.9653234830862,269.05326570995135
2023-09-25,-778.9359689535863,638.7195000559628
2023-09-26,-469.2751498221696,153.03679901218698
2023-09-27,-2634.3110964182965,1423.1388877873508
2023-09-28,-478.4594788736151,1524.6745343066268
2023-09-29,-3435.818989943435,-492.3315035666658
2023-10-02,-2175.854235228585,149.34239786531293
2023-10-03,1340.621984216446,-247.5704785630553
2023-10-04,1378.7002379762482,344.98324591517127
2023-10-05,838.1863426774471,741.5934211467473
2023-10-06,-1250.4642146938195,-214.7516537889711
2023-10-09,128.4329657870302,154.69813081228074
2023-10-10,194.5961913641474,97.22983954295103
2023-10-11,-1537.5470337888141,945.0871305792608
2023-10-12,2455.0974526507257,848.5410359253754
2023-10-13,1516.043435863507,294.7837126639227
2023-10-16,-131.44626074449593,923.7746104975786
2023-10-17,240.32875849179618,417.32394078891423
2023-10-18,512.5742119213287,609.8414227717627
2023-10-19,-2862.602302636436,1971.416463208976
2023-10-20,-170.7660737808954,1738.3227362532434
2023-10-23,-822.9763719966978,-109.70686584931832
2023-10-24,-1302.4300148423733,1380.8126925154222
2023-10-25,-221.65043932893235,1367.9775881441146
2023-10-26,2896.5297902742836,-3.784302126832813
2023-10-27,1161.2642919005148,1373.1443506284024
2023-10-30,-656.7684846741952,1876.552342888787
2023-10-31,1058.8741720342377,14.218635628910306
2023-11-01,2299.033154879003,157.74802529001545
2023-11-02,1586.9505243691533,1512.3630267904518
2023-11-03,289.44555488026117,990.0467175779536
2023-11-06,-770.4051665583609,1186.0333926676662
2023-11-07,1247.334970420385,1038.4124514803477
2023-11-08,790.2280781326244,1073.487144649701
2023-11-09,1542.7898300415984,-128.53048981775805
2023-11-10,1152.7577025229543,1533.1223946350137
2023-11-13,1774.3290729790026,1618.7129946994414
2023-11-14,-602.852817340852,639.4264791523806
2023-11-15,2176.0910984514885,769.5661351302963
2023-11-16,496.39940703859946,-271.77525178900555
2023-11-17,3312.8913089378984,1159.9783292124844
2023-11-20,-833.7817271343517,1200.440209199901
2023-11-21,2803.945704747874,756.4662881004823
2023-11-22,496.8661751939717,1587.0473519093518
2023-11-23,-777.1270054216725,566.1459383140416
2023-11-24,-525.8287510814823,1195.22414812552
2023-11-27,-280.52096229148026,86.23496291551908
2023-11-28,836.2489196028746,783.5134943880333
2023-11-29,984.2532320532495,677.9520194680149
2023-11-30,-660.5500059078685,957.7155454286591
2023-12-01,163.46811160852573,541.331149816649
2023-12-04,3413.4055379177953,707.9691830298325
2023-12-05,2791.314755151067,1378.2330200090544
2023-12-06,854.4855045110481,494.26503393324776
2023-12-07,257.00521725230044,-324.6039705170756
2023-12-08,380.04699007739197,2024.7087329437945
2023-12-11,1120.276959095625,1767.0178550833407
2023-12-12,-1334.1888477976083,-104.583886573933
2023-12-13,-186.06480613501765,1282.795463671636
2023-12-14,-2302.876110816384,447.91766061405986
2023-12-15,798.8346839079189,984.4410507317417
2023-12-18,1170.7939095541115,1005.9568903094456
2023-12-19,-524.779693449061,635.9145397785746
2023-12-20,2560.9801449350493,251.36403408952242
2023-12-21,-1638.6484945035118,316.62126337861844
2023-12-22,-1996.5623203147302,158.66565916313027
2023-12-25,536.677727839958,217.72445423868874
2023-12-26,1770.6474539182318,752.9751969654513
2023-12-27,2725.891537186803,298.96800762247375
2023-12-28,-488.32639430341,1277.436445998834
2023-12-29,1818.0212501469434,1841.0723087351491
2024-01-01,142.23729574893918,393.9627310409699
2024-01-02,-58.94094991122944,967.5831503747639
2024-01-03,1525.4899062300085,1149.7795772120537
2024-01-04,1178.4843176201293,1130.4015896434921
2024-01-05,-2164.588235476374,853.1686875412612
2024-01-08,2414.8105245888437,1319.8776928518057
2024-01-09,2270.1370312211775,1137.5742668764601
2024-01-10,-738.3440522642941,-66.36369562910852
2024-01-11,793.7053001561136,1408.409245072491
2024-01-12,941.0452794241082,1421.1035860867196
2024-01-15,591.0106487358607,265.6997270749929
2024-01-16,-625.4577307681302,826.5564848133214
2024-01-17,-807.4350519070773,1278.3302949677486
2024-01-18,161.66889351283208,653.480326294447
2024-01-19,1959.093528889047,1551.0846334362082
2024-01-22,1015.4002318916486,2454.7107462335525
2024-01-23,-355.92149812915886,249.8097771555124
2024-01-24,1357.5480659725172,-166.73122220764242
2024-01-25,-4072.8139309451135,1012.673016923413
2024-01-26,1923.1485505581552,1305.0937535883004
2024-01-29,-2409.5706681671495,638.3935383086617
2024-01-30,-343.66141210469823,1817.282464324724
2024-01-31,-1479.5048419392158,-137.02405980627418
2024-02-01,-1742.0222135813585,1285.043036122128
2024-02-02,1941.240181067779,375.89742546877466
2024-02-05,-501.55180196783704,2003.5645343451076
2024-02-06,719.7558225960737,2194.760747217683
2024-02-07,129.6191316812239,263.3403885516565
2024-02-08,915.5612408346822,415.3100048639939
2024-02-09,315.23283659038304,1401.7115208858613
2024-02-12,-1724.4883362828543,529.0085451473398
2024-02-13,1694.40022917071,768.2121474474333
2024-02-14,-540.6348747419687,817.7718943796872
2024-02-15,-2134.8728479896267,-543.7712093383595
2024-02-16,-442.1727414488688,790.313577734034
2024-02-19,2451.139685951466,317.1905581550783
2024-02-20,1475.3326131702393,454.8140243201596
2024-02-21,-322.9782016117888,1810.54240242817
2024-02-22,-323.8865564776431,-79.5548259954794
2024-02-23,-282.45257682607394,1369.243630723584
2024-02-26,3315.1219753412615,604.725948767734
2024-02-27,772.90317834733,604.167882052916
2024-02-28,845.0624707866044,1353.260327236198
2024-02-29,1745.4251810477633,1038.0359061982233
2024-03-01,558.1837385397703,1199.4290980536716
2024-03-04,-188.5632187310547,1477.7292623730027
2024-03-05,-94.52477362746743,568.084131771674
2024-03-06,92.59811087890408,371.4342858445748
2024-03-07,144.1666452352376,40.394631409541375
2024-03-08,1291.4443154554697,222.21262901473142
2024-03-11,277.91882871094913,2864.3660977161076
2024-03-12,1298.9601158233688,1671.2757065157507
2024-03-13,78.92512983712652,-145.75205634561496
2024-03-14,317.9527854741359,-125.72056972049904
2024-03-15,-2797.3010267981613,1137.3062432029442
2024-03-18,1574.491512053722,1183.085358164577
2024-03-19,719.7327138469891,1184.218684722155
2024-03-20,1697.0151647894784,621.5309445124115
2024-03-21,-4144.383067290534,712.1820179979699
2024-03-22,3332.562057171091,1029.5156669115502
2024-03-25,-9.384442232760648,860.1251044053313
2024-03-26,1862.2742251062748,-753.5102609232745
2024-03-27,-1359.8588906882962,639.1402585973643
2024-03-28,1119.1608575938544,204.0154960177805
2024-03-29,-1380.1233447604843,922.6479932359584
2024-04-01,-735.6534410437076,2889.681301822387
2024-04-02,3071.047030800179,1057.237165832013
2024-04-03,-86.02360114501988,580.5292196793215
2024-04-04,526.1493097695843,1445.2610513840764
2024-04-05,1505.1015960331313,1137.8815210464488
2024-04-08,943.522831958907,1094.0661433162888
2024-04-09,425.62835771536464,1224.7954152509697
2024-04-10,747.4415036993381,2239.580495380679
2024-04-11,3805.1233778574124,8.378095271859024
2024-04-12,113.57180444962191,1131.542453768018
2024-04-15,501.64857007245126,151.53320901292307
2024-04-16,1775.981594011418,1188.8588524395739
2024-04-17,1858.2888994369757,156.91944195973394
2024-04-18,1980.5454583405701,507.84323047644097
2024-04-19,1158.095333043777,593.4370600334655
2024-04-22,-1514.5073690957254,1483.0717035412963
2024-04-23,2650.147298451644,1442.9181107596896
2024-04-24,-1519.518089528032,-72.00216351246911
2024-04-25,653.9531978585499,838.4538776998941
2024-04-26,-931.413775029037,303.29410167557916
2024-04-29,103.79248011051119,-80.95343747273421
2024-04-30,693.1436154552207,648.0880647029408
2024-05-01,682.0358231754096,584.0620480809262
2024-05-02,832.8811313529271,2498.7015404418657
2024-05-03,2620.5669035879705,1103.0718777524874
2024-05-06,880.3014522709698,-164.33225052796604
2024-05-07,-166.234952935973,404.6581970803404
2024-05-08,1646.130752432536,1514.9683068005788
2024-05-09,1984.205733386961,2261.9099410089475
2024-05-10,-1641.4117227054887,-310.18831856657084
2024-05-13,1096.100104774787,-515.9470695973316
2024-05-14,1251.7591134663476,2109.6756227602473
2024-05-15,-246.34525503998788,1072.7299241596327
2024-05-16,2263.560219967429,192.1950876865435
2024-05-17,-25.083380548790075,1174.2403602857048
2024-05-20,388.36468020731337,-1045.0234173118145
2024-05-21,-59.60773642580443,802.3628546180126
2024-05-22,223.3685713722013,1029.4748209901597
2024-05-23,-1444.4126303428027,1446.989097676481
2024-05-24,-1960.0763238914415,90.27283339522364
2024-05-27,2591.7575948374583,859.9810129823513
2024-05-28,-1070.4420224774917,152.20276175828883
2024-05-29,-1287.0885241844608,978.7686289720219
2024-05-30,-3030.085170405572,173.25757434588309
2024-05-31,-758.4426215342532,514.3294125878456
2024-06-03,-1784.6346901112474,102.92922364683966
2024-06-04,2663.0227402045534,1255.79536927656
2024-06-05,1714.7256340139513,1400.9157816596658
2024-06-06,-832.2255177665857,635.7656010298103
2024-06-07,3578.653708016463,826.7665964720198
2024-06-10,1672.6482304873914,-214.01399024348086
2024-06-11,-287.24707526293366,590.226346395249
2024-06-12,-3549.1085723103597,764.8567680707787
2024-06-13,3636.4138588861124,2634.555163720983
2024-06-14,-1884.3587001453939,21.623081958085436
2024-06-17,-2268.098120435338,1824.9240671267062
2024-06-18,1733.8556480144605,1497.8011414260654
2024-06-19,3859.6286095089094,996.4454831430954
2024-06-20,2276.4092277657774,2031.0343389365935
2024-06-21,1045.8636800785393,1060.473830824804
2024-06-24,1092.131512497929,1072.4114369675501
2024-06-25,1480.1233381704617,762.8155428877183
2024-06-26,1338.3928846801477,1656.4982176930394
2024-06-27,621.7871359540636,1567.5284636676186
2024-06-28,356.30165592781407,362.0258987526513
2024-07-01,106.11030815071638,-123.47303621913716
2024-07-02,-930.9468833000144,657.91355382304
2024-07-03,-221.0126153001611,239.97300492164754
2024-07-04,-2339.435221293078,755.5327977692514
2024-07-05,52.49055980787517,1666.2066942788974
2024-07-08,-1282.8866607263762,479.888841439247
2024-07-09,-1455.3839758236563,770.0236330818976
2024-07-10,469.84122673021767,840.6159143658766
2024-07-11,2288.003429516899,1393.901617543699
2024-07-12,1577.4749090034695,-772.8225337892236
2024-07-15,-2155.7509054347656,375.3097936642923
2024-07-16,-1284.4422048555064,947.8985845956308
2024-07-17,1611.1567819823238,1640.0552694988028
2024-07-18,-1273.7310903074645,455.6682867456564
2024-07-19,-136.94972499553688,-513.5868942293118
2024-07-22,1025.078148536828,1233.7980121762953
2024-07-23,-1252.516682295453,355.24632782205947
2024-07-24,358.06325921893983,-32.766661363252865
2024-07-25,-1801.0382423773067,362.9582272007432
2024-07-26,-702.0514659268205,670.8322496409053
2024-07-29,679.6729012138055,376.6787348232511
2024-07-30,-2189.490600297504,-743.8962399693485
2024-07-31,860.7121069405985,1427.9463378209925
2024-08-01,170.5433016099782,1692.4125288951054
2024-08-02,1028.7349316257216,1256.0653939376539
2024-08-05,535.8712010969921,3.6200307026283554
2024-08-06,2246.2106449607663,658.9559262367375
2024-08-07,387.8367539718609,795.4350793393794
2024-08-08,-444.10831168787945,1219.1560726933371
2024-08-09,383.44625454842566,1267.8383421026565
2024-08-12,1014.9470435545819,286.07834085505294
2024-08-13,273.2901054885565,857.3968894894923
2024-08-14,260.8875368058236,1120.0962832306689
2024-08-15,-852.987531710133,1819.0756255027366
2024-08-16,-794.3513763264223,1293.154577877306
2024-08-19,-1903.9079076995404,1352.3396811628631
2024-08-20,2824.365114780409,858.6786395505527
2024-08-21,-1665.7948530869276,1787.3214016424527
2024-08-22,-839.357796693861,1086.8339571716483
2024-08-23,-877.6108983537961,197.23846287850074
2024-08-26,1542.3865654166618,1782.3589790876335
2024-08-27,-242.42451743804168,1288.5322907773193
2024-08-28,2071.613109010601,489.86918521006237
2024-08-29,-810.2359363658028,464.3549228205297
2024-08-30,618.491243335703,1007.6028815985333
2024-09-02,-1053.020579889636,1124.2293566873093
2024-09-03,3417.7236916600823,938.1045859418446
2024-09-04,-1581.397628544269,1017.9160714100194
2024-09-05,664.7310653405412,1989.9701622034663
2024-09-06,1150.6653213981476,1550.08020656442
2024-09-09,820.6986461772474,933.444913885517
2024-09-10,-77.93148831656242,1458.9174065372383
2024-09-11,5.268950399860756,77.23326753072229
2024-09-12,265.7172079686644,1078.5489349627662
2024-09-13,-20.503002442732935,2066.514444813177
2024-09-16,1645.8186751923645,647.3678732253384
2024-09-17,3515.784502387027,206.65624996664064
2024-09-18,-636.2376775117503,343.53777798485754
2024-09-19,-1854.7044693686166,37.25687386032814
2024-09-20,67.57692747311776,250.66666431060764
2024-09-23,4069.564006481478,540.6443309869796
2024-09-24,-1005.5118519545963,-183.89691342504943
2024-09-25,2658.675208166101,810.9328337647221
2024-09-26,2716.551221114661,1431.594021650653
2024-09-27,-630.3823625619918,164.57067389715576
2024-09-30,1053.474618777913,1863.4987465492381
2024-10-01,2642.594934692807,1157.5544619693164
2024-10-02,-368.69161148123067,1521.4064099368402
2024-10-03,-105.37054015354266,339.51581230350405
2024-10-04,-672.5213709229656,1398.167658946631
2024-10-07,-1322.1350960393004,35.64626972328085
2024-10-08,-773.9163175990107,1423.1732505855562
2024-10-09,-1635.9104001433848,920.2875378554719
2024-10-10,251.1252023888391,1187.2758539893484
2024-10-11,-954.9598465879626,-22.916223937396126
2024-10-14,550.6788676861215,173.45111040637676
2024-10-15,-2133.843469305441,1218.0597527773693
2024-10-16,696.3203483216855,136.15639704305954
2024-10-17,1450.2934424133869,1124.2444044693862
2024-10-18,-2790.603463857183,-156.996464522172
2024-10-21,761.0848547713582,1393.7219488666678
2024-10-22,2041.5034887099382,-62.76632033795636
2024-10-23,-1614.4615280368082,1186.6099563756663
2024-10-24,2708.858580256555,1237.9416535522005
2024-10-25,828.5285140490678,312.25972709929755
2024-10-28,-857.5177836376133,1207.4185969593088
2024-10-29,116.34638351344098,982.3095843334892
2024-10-30,1037.4903687825836,422.81070066508323
2024-10-31,314.00808711861725,94.0117211466544
2024-11-01,1008.1339886695538,-573.8379841708054
2024-11-04,-1181.0103896190494,1044.7550331097855
2024-11-05,454.041236054117,-295.36193995343865
2024-11-06,-1920.5717453574703,866.7409396089157
2024-11-07,33.16090797694952,615.5862487424256
2024-11-08,-1155.8614621971847,1275.3999428067368
2024-11-11,-903.2949138846498,588.5681503570951
2024-11-12,2054.139762815656,569.386549557036
2024-11-13,1836.9651808914036,1312.309493001807
2024-11-14,1113.7071813607654,1034.5406203588823
2024-11-15,-1438.4691470088685,1021.3091700279448
2024-11-18,-274.61267454220285,1128.4873128659683
2024-11-19,2019.6465499687752,-274.900486244974
2024-11-20,412.57537045985714,1329.7520759908875
2024-11-21,3678.9943099725415,1228.7281558095217
2024-11-22,789.9767590915578,88.32180999645198
2024-11-25,488.0736747350474,629.1436684280591
2024-11-26,-263.67469630375206,772.4848986606581
2024-11-27,400.31135717342346,705.8522509187871
2024-11-28,-28.70475457081585,1033.7019765979742
2024-11-29,1262.1630150328856,1801.9567472818285
2024-12-02,1635.053475191876,1557.23670937098
2024-12-03,-978.9841907619243,-118.55343540198442
2024-12-04,-1796.849430336667,1235.4489932142342
2024-12-05,-2554.308059654945,1730.2533236747868
2024-12-06,961.9869903688156,1070.7659644824419
2024-12-09,-1455.0499092608104,1563.6862976301768
2024-12-10,-3029.3358894287244,2208.589311990536
2024-12-11,782.8679067964462,1516.596682274887
2024-12-12,3939.499276149186,974.5160169492102
2024-12-13,190.89363269016002,1531.5619318593274
2024-12-16,1457.7361616774629,901.4214831678238
2024-12-17,322.74403782134755,816.7321302994688
2024-12-18,51.665520213286015,554.0100350003872
2024-12-19,1578.6147244816527,1894.3893511824758
2024-12-20,-235.411816282977,227.09993384059908
2024-12-23,601.0884711078545,1872.6574072746812
2024-12-24,682.5467092940205,1149.90488661826
2024-12-25,-802.1356804645732,-179.51432236135906
2024-12-26,1688.0635243047843,1057.3545050939952
2024-12-27,-62.43963504311296,-670.0185553561369
2024-12-30,-933.6177392392672,1237.855611781725
2024-12-31,1004.7647653556053,1419.6620380922936
2025-01-01,-1147.7019726865558,385.3508310435625
2025-01-02,242.27173605369236,886.4833871689076
2025-01-03,186.32150503369468,2167.9102036252007
2025-01-06,1828.8433487473671,445.9773070166443
2025-01-07,912.0473493199291,58.764689060379624
2025-01-08,162.45956188228413,1837.1643817238191
2025-01-09,1426.6494488004307,2173.8110333715563
2025-01-10,2285.3113235259702,802.5869702934931
2025-01-13,1036.7154595277934,1508.0241247858494
2025-01-14,215.5289297650709,1739.0331408716168
2025-01-15,-1767.7543485252393,280.2610372231312
2025-01-16,-1397.670494613059,460.2859152424922
2025-01-17,-257.83705653200144,1661.6121592083146
2025-01-20,-714.2683032389248,1979.5099950959566
2025-01-21,-80.456954478169,1194.0166021220484
2025-01-22,284.97488734566076,184.12995254856196
2025-01-23,994.5391315350962,2190.942778189609
2025-01-24,94.25183291136318,428.32037153162486
2025-01-27,929.7524657393029,565.4035531799838
2025-01-28,296.71162221518034,1039.636484142735
2025-01-29,-2763.199849530807,1887.9122945003419
2025-01-30,-1209.0030907281314,1397.7831835865566
2025-01-31,-16.131333582423196,1090.4058502533373
2025-02-03,-1614.5421142616613,1124.3019710826743
2025-02-04,1099.893094994307,830.4602680504263
2025-02-05,2496.126248515546,1190.6976601629544
2025-02-06,2028.142777545975,-970.6920543860122
2025-02-07,-120.164306395312,592.3747786511411
2025-02-10,2436.089205274928,968.9253544417467
2025-02-11,423.00118580316735,-5.709858533654938
2025-02-12,-305.628956677059,1070.426322468092
2025-02-13,-720.1039953114097,656.8701453097149
2025-02-14,-253.7045297321925,2028.832988820843
2025-02-17,-382.26522781184315,1901.1138076503994
2025-02-18,455.6243335632315,473.936101617286
2025-02-19,440.86097157479685,694.4136019033133
2025-02-20,204.5690302301217,748.2367040741252
2025-02-21,855.4072546195248,483.8383666882641
2025-02-24,1985.969412179512,936.5174888196887
2025-02-25,1624.3312031619855,269.2025517786868
2025-02-26,-2027.3469526748554,8.569265543731603
2025-02-27,-3630.8817023529323,1235.8978567301879
2025-02-28,1601.4798668589106,1240.6707089552676
2025-03-03,-1850.3180476231319,236.97896823800534
2025-03-04,-137.14810283902528,1426.7488015338197
2025-03-05,-1555.1695390890393,357.895589584268
2025-03-06,-2502.9706563700297,977.2156666265869
2025-03-07,1012.194092307182,1374.2408088287193
2025-03-10,1338.7327404539703,776.471204707401
2025-03-11,-664.7656010900791,1118.3186384987941
2025-03-12,-3686.563438217365,438.4992492786998
2025-03-13,-619.3666723787242,662.473391600332
2025-03-14,787.7060081038197,655.8983983837618
2025-03-17,-2018.367353161193,277.3951574218328
2025-03-18,475.0398796687335,676.2580858189525
2025-03-19,177.03522624050666,-284.0328092046227
2025-03-20,1068.9372494016325,456.19237700052673
2025-03-21,379.3705526212299,600.5871546412304
2025-03-24,-1259.6034113223332,620.6741732532339
2025-03-25,1994.857252496737,630.9517878904549
2025-03-26,-37.79435954045502,756.7650600979098
2025-03-27,159.0431907351022,1135.6090626602447
2025-03-28,-1199.9019386097941,1412.161951892766
2025-03-31,-464.9233767872655,345.164341206213
2025-04-01,-1127.2040710403514,-42.240598772401086
2025-04-02,-59.4190898851345,70.56891142982795
2025-04-03,2767.562720213515,458.957955163551
2025-04-04,-1857.8517143970344,553.6550775284436
2025-04-07,-2220.3420968151117,261.00275366177993
2025-04-08,2406.755491240413,-107.28166497492612
2025-04-09,-113.98551572779917,480.71542076806827
2025-04-10,-803.6091079898748,926.99863407978
2025-04-11,1759.8570310941147,1216.5206260848954
2025-04-14,-708.4233096052961,409.80386282417516
2025-04-15,2939.0145703204043,510.9015244995962
2025-04-16,1216.8888070089038,151.31118380688247
2025-04-17,-531.867112218554,777.9925807376565
2025-04-18,3435.9623198982554,206.09995606642974
2025-04-21,-708.5723845050076,1201.1894692688402
2025-04-22,1313.1430580139604,-450.1065443538778
2025-04-23,648.9388706097379,548.2592292832763
2025-04-24,2152.611934098197,1010.7751374342195
2025-04-25,2542.266795090279,928.684161425753
2025-04-28,248.00622359864994,2685.1235647863477
2025-04-29,-930.1268055192752,1044.8600171975354
2025-04-30,889.9582144086746,97.16178221059283
2025-05-01,-816.5730546281592,733.1750270376489
2025-05-02,3220.0808712899343,-443.3724334265162
2025-05-05,404.8029966241062,743.5801754922674
2025-05-06,-347.9823269681631,216.86076009946896
2025-05-07,477.0204587973626,1440.7731928921132
2025-05-08,-1820.6894342945448,415.32180778312556
2025-05-09,-1257.4210577659774,718.2638589433274
2025-05-12,2000.620861916638,355.1095110169176
2025-05-13,-785.3414184570936,2017.1959462973318
2025-05-14,-1370.3664740229094,575.1300637174618
2025-05-15,1004.9791287909293,2082.7899304354414
2025-05-16,1978.5562319944954,1369.9062334827865
2025-05-19,1278.4299659976,1137.4467091347703
2025-05-20,1694.0715287087246,1058.1132031222637
2025-05-21,-935.1926328541911,1075.658108751376
2025-05-22,-1932.7160001127654,-549.370805541927
2025-05-23,2452.0004779332303,604.7816240944704
2025-05-26,-284.01975826320364,1391.610579829025
2025-05-27,-176.249524682571,765.7719715681261
2025-05-28,2192.291212773587,-183.6328927625026
2025-05-29,1034.3450141009898,763.3168845957714
2025-05-30,883.8316581224115,1992.873861378844
